"screen_name","created_at","text","hashtags","followers_count","favourites_count","verified"
"PeymanBank",2021-08-30 18:35:49,"<U+0001F449> COT on #forex in week to Aug. 24 saw specs tripled their $USD long vs ten IMM #futures and #DXY to a 17-mth higher at $10.3 bn. Driven by heavy selling of #EUR (33k lots) and 21k lots of #GBP which flipped back to a net short. #JPY #AUD &amp; #CHF also sold with #CAD the exception https://t.co/mqshOwn18s","forex futures DXY EUR GBP JPY AUD CHF CAD",87,2,FALSE
"DailyFX",2021-08-30 17:51:02,"EUR/USD unchanged post-Jackson Hole. Euro tests key technical levels. Get your $EURUSD market update from @WVenketas here:https://t.co/qGyUMYVaqA https://t.co/QYyFFyNKGo",,233358,224,TRUE
"DailyFX",2021-08-26 05:30:01,"The Japanese Yen could be at risk as retail traders increase their long exposure in pairs like USD/JPY and EUR/JPY. What are key technical levels to watch for from here? Find out from @ddubrovskyFX here:https://t.co/nUap0Yczsb https://t.co/4vzqc3tiTR",,233358,224,TRUE
"DailyFX",2021-08-27 05:21:01,"The Japanese Yen could be at risk as retail traders increase their long exposure in pairs like USD/JPY and EUR/JPY. What are key technical levels to watch for from here? Find out from @ddubrovskyFX here:https://t.co/nUap0Yczsb https://t.co/vjNsVgBEPG",,233358,224,TRUE
"DailyFX",2021-08-25 03:38:00,"The Canadian Dollar remains at risk to some of its major counterparts. USD/CAD’s breakout, CAD/JPY’s Head and Shoulders, AUD/CAD’s downtrend and EUR/CAD’s bottom are in focus. Find out from @ddubrovskyFX here:https://t.co/CVxwpodusx https://t.co/bBGxtLDsXz",,233358,224,TRUE
"DailyFX",2021-08-25 23:37:01,"The Canadian Dollar remains at risk to some of its major counterparts. USD/CAD’s breakout, CAD/JPY’s Head and Shoulders, AUD/CAD’s downtrend and EUR/CAD’s bottom are in focus. Find out from @ddubrovskyFX here:https://t.co/CVxwpodusx https://t.co/6W3HKbHJFP",,233358,224,TRUE
"DailyFX",2021-08-28 01:37:01,"The Japanese Yen could be at risk as retail traders increase their long exposure in pairs like USD/JPY and EUR/JPY. What are key technical levels to watch for from here? Find out from @ddubrovskyFX here:https://t.co/nUap0Yczsb https://t.co/4bWxfp6SWa",,233358,224,TRUE
"bein_markets",2021-08-30 16:32:45,"EUR/USD analysis, 30 August 2021

https://t.co/LWN0NCHKxQ

Follow the link to open live account now and enjoy all our services for free

https://t.co/giFjlul2h5

#USD #forex https://t.co/KIZjl8vsrW","USD forex",414,2,FALSE
"ForexBubbIe",2021-08-30 14:52:03,"EUR/USD Price Forecast: Fed and ECB Accommodative as Euro Opens Flat https://t.co/qzwr4VQr7t https://t.co/t2BvlkFg8F https://t.co/QAPkQbheOZ",,334,7,FALSE
"Giggscom",2021-08-29 11:21:00,"Good day Traders around World.  29 August 21 All Weekend 4h &amp; 1H charts for all instruments have been updated and can be viewed @ https://t.co/GkJDWxiFAM #Trading #Forex #Elliottwave #FInMarkets #USD #GBP #EUR #YEN #CROSSES #INDICE #COMMODITIES #CRYPTOZ https://t.co/ocdw3NiKwI","Trading Forex Elliottwave FInMarkets USD GBP EUR YEN CROSSES INDICE COMMODITIES CRYPTOZ",47,142,FALSE
"Giggscom",2021-08-27 07:34:26,"Good morning Traders around World.  27 August 2021 London Open 1 Hourly charts for all 52 instruments have been updated and can be viewed @ https://t.co/GkJDWxiFAM #Trading #Forex #Elliottwave #FInMarkets #USD #GBP #EUR #YEN #CROSSES #INDICE #COMMODITIES #CRYPTOZ https://t.co/cCRsPvj6za","Trading Forex Elliottwave FInMarkets USD GBP EUR YEN CROSSES INDICE COMMODITIES CRYPTOZ",47,142,FALSE
"Giggscom",2021-08-22 19:07:37,"Good day Traders around World.  22 August 21 All Weekend 4H &amp; 1H charts for all instruments have been updated and can be viewed @ https://t.co/GkJDWxiFAM #Trading #Forex #Elliottwave #FInMarkets #USD #GBP #EUR #YEN #CROSSES #INDICE #COMMODITIES #CRYPTOZ https://t.co/PGxhN1K5nQ","Trading Forex Elliottwave FInMarkets USD GBP EUR YEN CROSSES INDICE COMMODITIES CRYPTOZ",47,142,FALSE
"Giggscom",2021-08-26 08:00:20,"Good morning Traders around World.  26 August 2021 London Open 1 Hourly charts for all 52 instruments have been updated and can be viewed @ https://t.co/GkJDWxiFAM #Trading #Forex #Elliottwave #FInMarkets #USD #GBP #EUR #YEN #CROSSES #INDICE #COMMODITIES #CRYPTOZ https://t.co/4M6SuCpmAn","Trading Forex Elliottwave FInMarkets USD GBP EUR YEN CROSSES INDICE COMMODITIES CRYPTOZ",47,142,FALSE
"Giggscom",2021-08-30 14:30:55,"Good afternoon Traders around World.  30 August 2021 NewYork Open 1 Hourly charts for all 52 instruments have been updated and can be viewed @ https://t.co/GkJDWxiFAM #Trading #Forex #Elliottwave #FInMarkets #USD #GBP #EUR #YEN #CROSSES #INDICE #COMMODITIES #CRYPTOZ https://t.co/z7FR4H5wJO","Trading Forex Elliottwave FInMarkets USD GBP EUR YEN CROSSES INDICE COMMODITIES CRYPTOZ",47,142,FALSE
"TradingWaves7",2021-08-23 14:30:23,"Good day Traders around World.  23 August 2021 New York 1 Hourly charts for all 52 instruments have been updated and can be viewed @ https://t.co/pMSOjbxjYM #Trading #Forex #Elliottwave #FInMarkets #USD #GBP #EUR #YEN #CROSSES #INDICE #COMMODITIES #CRYPTOZ https://t.co/ayi1VPY6Hi","Trading Forex Elliottwave FInMarkets USD GBP EUR YEN CROSSES INDICE COMMODITIES CRYPTOZ",574,111,FALSE
"TradingWaves7",2021-08-26 07:59:59,"Good morning Traders around World.  26 August 2021 London Open 1 Hourly charts for all 52 instruments have been updated and can be viewed @ https://t.co/pMSOjbxjYM #Trading #Forex #Elliottwave #FInMarkets #USD #GBP #EUR #YEN #CROSSES #INDICE #COMMODITIES #CRYPTOZ https://t.co/XZO3bYk5HE","Trading Forex Elliottwave FInMarkets USD GBP EUR YEN CROSSES INDICE COMMODITIES CRYPTOZ",574,111,FALSE
"TradingWaves7",2021-08-30 14:26:54,"Good afternoon Traders around World.  30 August 2021 NewYork Open 1 Hourly charts for all 52 instruments have been updated and can be viewed @ https://t.co/pMSOjbxjYM #Trading #Forex #Elliottwave #FInMarkets #USD #GBP #EUR #YEN #CROSSES #INDICE #COMMODITIES #CRYPTOZ https://t.co/YYV6wUsZw0","Trading Forex Elliottwave FInMarkets USD GBP EUR YEN CROSSES INDICE COMMODITIES CRYPTOZ",574,111,FALSE
"TradingWaves7",2021-08-26 13:18:12,"26 August 2021 NewYork Open 1 Hourly charts for all 52 instruments have been updated and can be viewed @ https://t.co/pMSOjbxjYM #Trading #Forex #Elliottwave #FInMarkets #USD #GBP #EUR #YEN #CROSSES #INDICE #COMMODITIES #CRYPTOZ https://t.co/TIsxQCYuZz","Trading Forex Elliottwave FInMarkets USD GBP EUR YEN CROSSES INDICE COMMODITIES CRYPTOZ",574,111,FALSE
"TradingWaves7",2021-08-29 11:20:59,"Good day Traders around World.  29 August 21 All Weekend 4h &amp; 1H charts for all instruments have been updated and can be viewed @ https://t.co/pMSOjbxjYM #Trading #Forex #Elliottwave #FInMarkets #USD #GBP #EUR #YEN #CROSSES #INDICE #COMMODITIES #CRYPTOZ https://t.co/wQBya7mqKk","Trading Forex Elliottwave FInMarkets USD GBP EUR YEN CROSSES INDICE COMMODITIES CRYPTOZ",574,111,FALSE
"TradingWaves7",2021-08-22 19:07:53,"Good day Traders around World.  22 August 21 All Weekend 4H &amp; 1H charts for all instruments have been updated and can be viewed @ https://t.co/pMSOjbxjYM #Trading #Forex #Elliottwave #FInMarkets #USD #GBP #EUR #YEN #CROSSES #INDICE #COMMODITIES #CRYPTOZ https://t.co/twdCR6NMZn","Trading Forex Elliottwave FInMarkets USD GBP EUR YEN CROSSES INDICE COMMODITIES CRYPTOZ",574,111,FALSE
"TradingWaves7",2021-08-27 07:13:22,"27 August 2021 London Open 1 Hourly charts for all 52 instruments have been updated and can be viewed @ https://t.co/pMSOjbxjYM #Trading #Forex #Elliottwave #FInMarkets #USD #GBP #EUR #YEN #CROSSES #INDICE #COMMODITIES #CRYPTOZ https://t.co/VuhNNpXqGM","Trading Forex Elliottwave FInMarkets USD GBP EUR YEN CROSSES INDICE COMMODITIES CRYPTOZ",574,111,FALSE
"TradingWaves7",2021-08-24 15:39:15,"Good day Traders around World.  23 August 2021 New York 1 Hourly charts for all 52 instruments have been updated and can be viewed @ https://t.co/pMSOjbxjYM #Trading #Forex #Elliottwave #FInMarkets #USD #GBP #EUR #YEN #CROSSES #INDICE #COMMODITIES #CRYPTOZ https://t.co/dPOS3Pyd4h","Trading Forex Elliottwave FInMarkets USD GBP EUR YEN CROSSES INDICE COMMODITIES CRYPTOZ",574,111,FALSE
"TradingWaves7",2021-08-24 15:39:47,"Good day Traders around World.  24 August 2021 New York 1 Hourly charts for all 52 instruments have been updated and can be viewed @ https://t.co/pMSOjbxjYM #Trading #Forex #Elliottwave #FInMarkets #USD #GBP #EUR #YEN #CROSSES #INDICE #COMMODITIES #CRYPTOZ https://t.co/bsD962dK8f","Trading Forex Elliottwave FInMarkets USD GBP EUR YEN CROSSES INDICE COMMODITIES CRYPTOZ",574,111,FALSE
"nonsellcom",2021-08-27 04:53:17,"EUR/USD IG Client Sentiment: Our data shows traders are now net-short EUR/USD for the first time since Aug 04, 2021 when EUR/USD traded near 1.18. - We typically take a contrarian view to crowd sentiment, and the fact traders are net-short suggests ... - https://t.co/mXflL64GLK",,531,160,FALSE
"nonsellcom",2021-08-30 12:29:13,"The EUR is the strongest and the CHF is the weakest as NA session begins - The USD is mixed with modest gains and losses As the North American session begins, the EUR is the strongest and the CHF is the weakest... - https://t.co/zBK8UYRXs7",,531,160,FALSE
"nonsellcom",2021-08-26 15:50:44,"US Dollar Price Action Setups: EUR/USD, GBP/USD, USD/CAD, AUD/USD - Tomorrow morning will be busy in the USD: PCE data, the Fed’s preferred inflation gauge, is released at 8:30 AM ET, and FOMC Chair J... - https://t.co/Nnnu2f807b",,531,160,FALSE
"nonsellcom",2021-08-26 12:41:17,"The EUR is the strongest and the CHF is the weakest as the NA session begins - The USD mostly higher but only modestlyAs the North American session begins, the snapshot of the strongest weakest shows the EUR it is... - https://t.co/81GBKcUEBK",,531,160,FALSE
"nonsellcom",2021-08-30 09:58:30,"EUR/USD Price Forecast: Fed and ECB Accommodative as Euro Opens Flat - EUR/USD FUNDAMENTAL BACKDROPThis week's open did not have the dramatic effect of prior Jackson Hole re-opens as markets remained... - https://t.co/FRlsJkspZ3",,531,160,FALSE
"nonsellcom",2021-08-27 07:56:25,"Dollar a touch softer as the push and pull continues ahead of Jackson Hole - EUR/USD buyers are keeping near-term control on a defense of the 100-hour moving average (red line) but there is still a lack of... - https://t.co/r3HkoE5LWu",,531,160,FALSE
"nonsellcom",2021-08-24 12:55:31,"The NZD is the strongest and the EUR is the weakest as NA trading begins - The USD is weaker as risk on flows dominate The NZD is the strongest and the EUR is the weakest as North American trading begins.
 - https://t.co/pM0T9brUJp",,531,160,FALSE
"BlackCentaurFX",2021-08-24 08:46:20,"EUR/USD surge reaches resistance https://t.co/emnV8ERMdq via Dukascopy #forex #fx","forex fx",1458,3,FALSE
"BlackCentaurFX",2021-08-30 04:49:59,"EUR/USD bounces off support https://t.co/SZypiuNkfZ via Dukascopy #forex #fx","forex fx",1458,3,FALSE
"BlackCentaurFX",2021-08-30 04:49:59,"EUR/USD tests 100– hour SMA https://t.co/453SVijvOG via Dukascopy #forex #fx","forex fx",1458,3,FALSE
"BlackCentaurFX",2021-08-30 11:50:11,"EUR/USD traded above 1.1800 https://t.co/ZNcM56RSP2 via Dukascopy #forex #fx","forex fx",1458,3,FALSE
"BlackCentaurFX",2021-08-24 11:19:51,"EUR/USD, USD/CAD And GBP/CAD Forecast https://t.co/30AjKES5Ja via Investing #forex #fx","forex fx",1458,3,FALSE
"BlackCentaurFX",2021-08-24 09:46:22,"EUR/USD recovers to 1.1750 https://t.co/16c58vC2tl via Dukascopy #forex #fx","forex fx",1458,3,FALSE
"BlackCentaurFX",2021-08-24 06:16:16,"EUR/USD breaks pattern https://t.co/RfxVGdFA3k via Dukascopy #forex #fx","forex fx",1458,3,FALSE
"BlackCentaurFX",2021-08-25 08:22:04,"EUR/USD reveals possible pattern https://t.co/DOq4MxvPuD via Dukascopy #forex #fx","forex fx",1458,3,FALSE
"BlackCentaurFX",2021-08-30 04:49:59,"EUR/USD maintains channel pattern https://t.co/YTO4qwG0Jo via Dukascopy #forex #fx","forex fx",1458,3,FALSE
"BlackCentaurFX",2021-08-30 09:45:33,"EUR/USD Price Forecast: Fed and ECB Accommodative as Euro Opens Flat https://t.co/yLOOxsJAm6 via DailyFX #forex #fx","forex fx",1458,3,FALSE
"BlackCentaurFX",2021-08-24 06:16:16,"EUR/USD breaks pattern https://t.co/x0a0uQ4MHQ via Dukascopy #forex #fx","forex fx",1458,3,FALSE
"BlackCentaurFX",2021-08-30 10:20:09,"EUR/USD pierces August high level https://t.co/b9dJ0CksOH via Dukascopy #forex #fx","forex fx",1458,3,FALSE
"HichFX",2021-08-30 10:46:39,"EUR/USD Price Forecast: Fed and ECB Accommodative as Euro Opens Flat | #Forex","Forex",1152,2,FALSE
"trendthemarket",2021-08-30 10:38:20,"Our daily #forex trend updates are a quick visual guide of 28pairs to help keep traders on the right side of the market. It also shows short term momentum, new developing trends and ones which may be stretched and due a correction.

$AUD $CAD $CHF $EUR $GBP $JPY $NZD $USD https://t.co/QzMfHekvbJ","forex",201,222,FALSE
"dpipscom",2021-08-30 10:30:24,"""EUR/USD Price Forecast: Fed and ECB Accommodative as Euro Opens Flat"" https://t.co/Y0mtgl588u #trading #forex","trading forex",1246,2,FALSE
"FXOpenBroker",2021-08-27 11:30:00,"FXOpen offers 2000+ trading instruments including Apple, Tesla, EUR/USD, Crude Oil and Nasdaq
<U+2705>Visit our official website to get more information: https://t.co/pCkwKaf7Jn
#forex #forexmarket #forexlifestyle #TRADINGTIPS https://t.co/pi0YnAvorD","forex forexmarket forexlifestyle TRADINGTIPS",2676,355,FALSE
"FXOpenBroker",2021-08-30 10:30:00,"GBP/USD and EUR/GBP Eye Key Upside Break
<U+2705>Visit our website to read the full article: https://t.co/LAEm6Esb3N
#forex #ForexMarket #trading #forexnews https://t.co/uEjIuMqs86","forex ForexMarket trading forexnews",2676,355,FALSE
"fx_ivy",2021-08-30 10:01:33,"EUR/USD and GBP/USD overview [Video] - FXStreet https://t.co/s4lQGZadTZ https://t.co/LCXvvU3nMO #forex https://t.co/lwRCY85Q4g","forex",482,0,FALSE
"Eightcap_aufx",2021-08-30 10:00:02,"New week, new opportunities for successful trades!

Click the link and find out what our analyst says you should look out for! <U+0001F447>
https://t.co/1vDstsk6eK 
.
.
.
Trading on margin is high risk.
#trading #tradingnews #fx #forex #indices #usd #eur #gbp #eurusd #crudeoil #opec https://t.co/HpJd57BF34","trading tradingnews fx forex indices usd eur gbp eurusd crudeoil opec",1928,673,FALSE
"EconomiesCom",2021-08-23 05:22:32,"The EURUSD attempts to recover – Analysis - 23-08-2021: The EURUSD pair opens today’s trading with clear positivity to breach 1.1700 and heads to ... https://t.co/seGQ3CC0UY",,2534,5,FALSE
"EconomiesCom",2021-08-26 11:17:02,"Midday update for the EURUSD 26-08-2021: The EURUSD pair returns to test 1.1780 again and still below it until now, to keep the bearish ... https://t.co/22p9f0O4h1",,2534,5,FALSE
"EconomiesCom",2021-08-30 09:48:03,"Midday update for the EURUSD 30-08-2021: The EURUSD pair settles around 1.1800 since morning, and as long as the price is above 1.1780, our ... https://t.co/AI6lMuMQO2",,2534,5,FALSE
"EconomiesCom",2021-08-24 05:06:03,"The EURUSD surpasses the moving average – Analysis - 24-08-2021: The EURUSD pair managed to surpass the EMA50 and settles above it now, reinforcing the expectations ... https://t.co/V7TaDtJWGm",,2534,5,FALSE
"EconomiesCom",2021-08-25 10:52:02,"Midday update for the EURUSD 25-08-2021: The EURUSD pair shows slight bullish bias after leaning on the EMA50, and as long as the price is ... https://t.co/4OTjVojzzc",,2534,5,FALSE
"EconomiesCom",2021-08-27 16:45:32,"Update: The EURUSD breaches the resistance: The EURUSD pair rallied upwards strongly to breach 1.1780 level and attempts to hold above it, ... https://t.co/qrrjLtjvcj",,2534,5,FALSE
"EconomiesCom",2021-08-24 11:13:02,"Midday update for the EURUSD 24-08-2021: The EURUSD pair shows weak trades since morning and settles above the EMA50, while stochastic ... https://t.co/w8dQfoF6SJ",,2534,5,FALSE
"EconomiesCom",2021-08-23 10:47:32,"Midday update for the EURUSD 23-08-2021: The EURUSD pair tests the EMA50 that forms intraday resistance at 1.1725, and it needs to surpass ... https://t.co/MjQ4nnItz9",,2534,5,FALSE
"FxLiveFeeds",2021-08-30 09:43:00,"EUR/USD Price Forecast: Fed and ECB Accommodative as Euro Opens Flat https://t.co/upO4po97Kg https://t.co/G3SmNcJUWO",,79,0,FALSE
"quasidb",2021-08-30 09:36:16,"EUR/USD Price Forecast: Fed and ECB Accommodative as Euro Opens Flat   https://t.co/YhwzGvXkbA #news","news",3740,29457,FALSE
"center_forex",2021-08-30 09:35:02,"EUR/USD Price Forecast: Fed and ECB Accommodative as Euro Opens Flat https://t.co/7UuQg1JI5J  | https://t.co/6ynw5qQ2cy   | https://t.co/wqV4XjyUZC #forex #forextrader #forexsignal","forex forextrader forexsignal",606,10,FALSE
"andromedas13",2021-08-30 09:24:41,"ANNOUNCEMENT:

We promised you, and now its here: The Global Fx Strategic Access Group. 

Although our Global Fx Trading Room has been growing rapidly, we recognize that beginners and experienced traders have different needs. Conse…https://t.co/97sKXdagqn https://t.co/BUr7XWtXVI",,11583,1190,FALSE
"andromedas13",2021-08-23 08:26:08,"ANNOUNCEMENT:

We promised you, and now its here: The Global Fx Strategic Access Group. 

Although our Global Fx Trading Room has been growing rapidly, we recognize that beginners and experienced traders have different needs. Conse…https://t.co/O7syujIO2I https://t.co/YuCenDMqAG",,11583,1190,FALSE
"andromedas13",2021-08-27 16:57:39,"ANNOUNCEMENT:

We promised you, and now its here: The Global Fx Strategic Access Group. 

Although our Global Fx Trading Room has been growing rapidly, we recognize that beginners and experienced traders have different needs. Conse…https://t.co/2mALuNgPNE https://t.co/OHBN3ovzpW",,11583,1190,FALSE
"andromedas13",2021-08-24 16:10:38,"ANNOUNCEMENT:

We promised you, and now its here: The Global Fx Strategic Access Group. 

Although our Global Fx Trading Room has been growing rapidly, we recognize that beginners and experienced traders have different needs. Conse…https://t.co/GCr7aGJCP7 https://t.co/0KwhPQebP5",,11583,1190,FALSE
"ncminvest",2021-08-30 09:08:31,"NCM Investment Products | Currencies:
• EUR/USD
• USD/JPY
• GBP/USD
• AUD/USD
• USD/CHF
• USD/CAD
• NZD/USD

And more other currencies

https://t.co/GGPgXdTuM1

#NCM_Investment 
#learn #Trade #kuwait #metals #invest #deposit #money #world #USDollar #Gold #webinar","NCM_Investment learn Trade kuwait metals invest deposit money world USDollar Gold webinar",30101,123,FALSE
"TrioMarkets",2021-08-30 09:00:26,"The EUR/USD currency exchange rate managed to retrace some losses headed into Friday as the euro currency closed the week above 1.1750. 
Learn more: https://t.co/x3mVA0qHRk
*Trading is risky and your entire capital may be at risk.
#forex #trading #currency #euro #dollar #covid https://t.co/kvvRPBIIcM","forex trading currency euro dollar covid",324,313,FALSE
"Ole_S_Hansen",2021-08-30 07:38:26,"COT on #forex in week to Aug. 24 saw specs tripled their $USD long vs ten IMM #futures and #DXY to a 17-mth higher at $10.3 bn. Driven by heavy selling of #EUR (33k lots) and 21k lots of #GBP which flipped back to a net short. #JPY #AUD &amp; #CHF also sold with #CAD the exception https://t.co/iZrl2jmydI","forex futures DXY EUR GBP JPY AUD CHF CAD",40306,8915,FALSE
"FXstreetNews",2021-08-30 07:18:33,"$EURUSD Forecast: Temporary pause after Powell? Euro is overbought and could take a breather https://t.co/fCL5sq9T9C by @forexcrunch #forex #trading https://t.co/g4n2e012te","forex trading",209652,153,FALSE
"FXstreetNews",2021-08-24 06:57:53,"#EURUSD has risen amid falling #Fed tapering expectations and a full vaccine approval. https://t.co/np1u2faC7O #Forex #FX #Trading","EURUSD Fed Forex FX Trading",209652,153,FALSE
"JiaWilliams3",2021-08-30 06:46:26,"ome and Grab the offer now 
Dm me for Vip Signals :https://t.co/O7juIKSncI
#FOREX #COMEX #FOREXANDCOMEX #XAUUSD #GOLD #SAUDIARABIA #ASIA #UAE #TRADING 
#Forexforyou #USD #EUR #Trader #investing #investor  # <U+0641><U+0648><U+0631><U+0643><U+0633>  #<U+0641><U+0648><U+0631><U+0643><U+0633> #<U+5916><U+56FD><U+70BA><U+66FF> #<U+5916><U+6C47> #<U+D3EC><U+B809><U+C2A4> #<U+5916><U+532F> #<U+8FBE><U+514B><U+65AF> #<U+5916><U+6C47><U+4EA4><U+6613> #<U+91D1> https://t.co/Hkit5rW2rR","FOREX COMEX FOREXANDCOMEX XAUUSD GOLD SAUDIARABIA ASIA UAE TRADING Forexforyou USD EUR Trader investing investor <U+0641><U+0648><U+0631><U+0643><U+0633> <U+5916><U+56FD><U+70BA><U+66FF> <U+5916><U+6C47> <U+D3EC><U+B809><U+C2A4> <U+5916><U+532F> <U+8FBE><U+514B><U+65AF> <U+5916><U+6C47><U+4EA4><U+6613> <U+91D1>",32,9,FALSE
"JiaWilliams3",2021-08-24 04:47:03,"Today's Calendar 
For Vip Signals And Tips Join :
https://t.co/O7juIKSncI
#FOREX #COMEX #FOREXANDCOMEX #XAUUSD #GOLD #SAUDIARABIA #ASIA #UAE #TRADING 
#Forexforyou #USD #EUR #Trader #investing #investor  # <U+0641><U+0648><U+0631><U+0643><U+0633>  #<U+0641><U+0648><U+0631><U+0643><U+0633> #<U+5916><U+56FD><U+70BA><U+66FF> #<U+5916><U+6C47> #<U+D3EC><U+B809><U+C2A4> #<U+5916><U+532F> #<U+8FBE><U+514B><U+65AF> #<U+5916><U+6C47><U+4EA4><U+6613> #<U+91D1> https://t.co/1ngHatGK5X","FOREX COMEX FOREXANDCOMEX XAUUSD GOLD SAUDIARABIA ASIA UAE TRADING Forexforyou USD EUR Trader investing investor <U+0641><U+0648><U+0631><U+0643><U+0633> <U+5916><U+56FD><U+70BA><U+66FF> <U+5916><U+6C47> <U+D3EC><U+B809><U+C2A4> <U+5916><U+532F> <U+8FBE><U+514B><U+65AF> <U+5916><U+6C47><U+4EA4><U+6613> <U+91D1>",32,9,FALSE
"JiaWilliams3",2021-08-25 05:11:39,"Today's Calendar 
For Vip Signals And Tips Join :
https://t.co/O7juIKSncI
#FOREX #COMEX #FOREXANDCOMEX #XAUUSD #GOLD #SAUDIARABIA #ASIA #UAE #TRADING 
#Forexforyou #USD #EUR #Trader #investing #investor  # <U+0641><U+0648><U+0631><U+0643><U+0633>  #<U+0641><U+0648><U+0631><U+0643><U+0633> #<U+5916><U+56FD><U+70BA><U+66FF> #<U+5916><U+6C47> #<U+D3EC><U+B809><U+C2A4> #<U+5916><U+532F> #<U+8FBE><U+514B><U+65AF> #<U+5916><U+6C47><U+4EA4><U+6613> #<U+91D1> https://t.co/NtLkjuyKSy","FOREX COMEX FOREXANDCOMEX XAUUSD GOLD SAUDIARABIA ASIA UAE TRADING Forexforyou USD EUR Trader investing investor <U+0641><U+0648><U+0631><U+0643><U+0633> <U+5916><U+56FD><U+70BA><U+66FF> <U+5916><U+6C47> <U+D3EC><U+B809><U+C2A4> <U+5916><U+532F> <U+8FBE><U+514B><U+65AF> <U+5916><U+6C47><U+4EA4><U+6613> <U+91D1>",32,9,FALSE
"JiaWilliams3",2021-08-27 06:15:21,"Today's Calendar 
For Vip Signals And Tips Join :
https://t.co/O7juIKSncI
#FOREX #COMEX #FOREXANDCOMEX #XAUUSD #GOLD #SAUDIARABIA #ASIA #UAE #TRADING 
#Forexforyou #USD #EUR #Trader #investing #investor  # <U+0641><U+0648><U+0631><U+0643><U+0633>  #<U+0641><U+0648><U+0631><U+0643><U+0633> #<U+5916><U+56FD><U+70BA><U+66FF> #<U+5916><U+6C47> #<U+D3EC><U+B809><U+C2A4> #<U+5916><U+532F> #<U+8FBE><U+514B><U+65AF> #<U+5916><U+6C47><U+4EA4><U+6613> #<U+91D1> https://t.co/r3flb4EGXu","FOREX COMEX FOREXANDCOMEX XAUUSD GOLD SAUDIARABIA ASIA UAE TRADING Forexforyou USD EUR Trader investing investor <U+0641><U+0648><U+0631><U+0643><U+0633> <U+5916><U+56FD><U+70BA><U+66FF> <U+5916><U+6C47> <U+D3EC><U+B809><U+C2A4> <U+5916><U+532F> <U+8FBE><U+514B><U+65AF> <U+5916><U+6C47><U+4EA4><U+6613> <U+91D1>",32,9,FALSE
"JiaWilliams3",2021-08-26 04:59:58,"Today's Calendar 
For Vip Signals And Tips Join :
https://t.co/O7juIKSncI
#FOREX #COMEX #FOREXANDCOMEX #XAUUSD #GOLD #SAUDIARABIA #ASIA #UAE #TRADING 
#Forexforyou #USD #EUR #Trader #investing #investor  # <U+0641><U+0648><U+0631><U+0643><U+0633>  #<U+0641><U+0648><U+0631><U+0643><U+0633> #<U+5916><U+56FD><U+70BA><U+66FF> #<U+5916><U+6C47> #<U+D3EC><U+B809><U+C2A4> #<U+5916><U+532F> #<U+8FBE><U+514B><U+65AF> #<U+5916><U+6C47><U+4EA4><U+6613> #<U+91D1> https://t.co/UiJMQmI51U","FOREX COMEX FOREXANDCOMEX XAUUSD GOLD SAUDIARABIA ASIA UAE TRADING Forexforyou USD EUR Trader investing investor <U+0641><U+0648><U+0631><U+0643><U+0633> <U+5916><U+56FD><U+70BA><U+66FF> <U+5916><U+6C47> <U+D3EC><U+B809><U+C2A4> <U+5916><U+532F> <U+8FBE><U+514B><U+65AF> <U+5916><U+6C47><U+4EA4><U+6613> <U+91D1>",32,9,FALSE
"LilyTho84974494",2021-08-25 05:11:17,"Today's Calendar 
For Vip Signals And Tips Join :
https://t.co/m4zOVmKtpJ
#FOREX #COMEX #FOREXANDCOMEX #XAUUSD #GOLD #SAUDIARABIA #ASIA #UAE #TRADING 
#Forexforyou #USD #EUR #Trader #investing #investor  # <U+0641><U+0648><U+0631><U+0643><U+0633>  #<U+0641><U+0648><U+0631><U+0643><U+0633> #<U+5916><U+56FD><U+70BA><U+66FF> #<U+5916><U+6C47> #<U+D3EC><U+B809><U+C2A4> #<U+5916><U+532F> #<U+8FBE><U+514B><U+65AF> #<U+5916><U+6C47><U+4EA4><U+6613> #<U+91D1> https://t.co/600Kj6lx3B","FOREX COMEX FOREXANDCOMEX XAUUSD GOLD SAUDIARABIA ASIA UAE TRADING Forexforyou USD EUR Trader investing investor <U+0641><U+0648><U+0631><U+0643><U+0633> <U+5916><U+56FD><U+70BA><U+66FF> <U+5916><U+6C47> <U+D3EC><U+B809><U+C2A4> <U+5916><U+532F> <U+8FBE><U+514B><U+65AF> <U+5916><U+6C47><U+4EA4><U+6613> <U+91D1>",76,0,FALSE
"LilyTho84974494",2021-08-26 04:59:29,"Today's Calendar 
For Vip Signals And Tips Join :
https://t.co/m4zOVmKtpJ
#FOREX #COMEX #FOREXANDCOMEX #XAUUSD #GOLD #SAUDIARABIA #ASIA #UAE #TRADING 
#Forexforyou #USD #EUR #Trader #investing #investor  # <U+0641><U+0648><U+0631><U+0643><U+0633>  #<U+0641><U+0648><U+0631><U+0643><U+0633> #<U+5916><U+56FD><U+70BA><U+66FF> #<U+5916><U+6C47> #<U+D3EC><U+B809><U+C2A4> #<U+5916><U+532F> #<U+8FBE><U+514B><U+65AF> #<U+5916><U+6C47><U+4EA4><U+6613> #<U+91D1> https://t.co/CnfkSKyYLe","FOREX COMEX FOREXANDCOMEX XAUUSD GOLD SAUDIARABIA ASIA UAE TRADING Forexforyou USD EUR Trader investing investor <U+0641><U+0648><U+0631><U+0643><U+0633> <U+5916><U+56FD><U+70BA><U+66FF> <U+5916><U+6C47> <U+D3EC><U+B809><U+C2A4> <U+5916><U+532F> <U+8FBE><U+514B><U+65AF> <U+5916><U+6C47><U+4EA4><U+6613> <U+91D1>",76,0,FALSE
"LilyTho84974494",2021-08-30 06:45:30,"Come and Grab the offer now 
Dm me for Vip Signals :https://t.co/m4zOVmKtpJ
#FOREX #COMEX #FOREXANDCOMEX #XAUUSD #GOLD #SAUDIARABIA #ASIA #UAE #TRADING 
#Forexforyou #USD #EUR #Trader #investing #investor  # <U+0641><U+0648><U+0631><U+0643><U+0633>  #<U+0641><U+0648><U+0631><U+0643><U+0633> #<U+5916><U+56FD><U+70BA><U+66FF> #<U+5916><U+6C47> #<U+D3EC><U+B809><U+C2A4> #<U+5916><U+532F> #<U+8FBE><U+514B><U+65AF> #<U+5916><U+6C47><U+4EA4><U+6613> #<U+91D1> https://t.co/FeH4h9gIRj","FOREX COMEX FOREXANDCOMEX XAUUSD GOLD SAUDIARABIA ASIA UAE TRADING Forexforyou USD EUR Trader investing investor <U+0641><U+0648><U+0631><U+0643><U+0633> <U+5916><U+56FD><U+70BA><U+66FF> <U+5916><U+6C47> <U+D3EC><U+B809><U+C2A4> <U+5916><U+532F> <U+8FBE><U+514B><U+65AF> <U+5916><U+6C47><U+4EA4><U+6613> <U+91D1>",76,0,FALSE
"LilyTho84974494",2021-08-27 06:14:48,"Today's Calendar 
For Vip Signals And Tips Join :
https://t.co/m4zOVmKtpJ
#FOREX #COMEX #FOREXANDCOMEX #XAUUSD #GOLD #SAUDIARABIA #ASIA #UAE #TRADING 
#Forexforyou #USD #EUR #Trader #investing #investor  # <U+0641><U+0648><U+0631><U+0643><U+0633>  #<U+0641><U+0648><U+0631><U+0643><U+0633> #<U+5916><U+56FD><U+70BA><U+66FF> #<U+5916><U+6C47> #<U+D3EC><U+B809><U+C2A4> #<U+5916><U+532F> #<U+8FBE><U+514B><U+65AF> #<U+5916><U+6C47><U+4EA4><U+6613> #<U+91D1> https://t.co/08a0oeUqMB","FOREX COMEX FOREXANDCOMEX XAUUSD GOLD SAUDIARABIA ASIA UAE TRADING Forexforyou USD EUR Trader investing investor <U+0641><U+0648><U+0631><U+0643><U+0633> <U+5916><U+56FD><U+70BA><U+66FF> <U+5916><U+6C47> <U+D3EC><U+B809><U+C2A4> <U+5916><U+532F> <U+8FBE><U+514B><U+65AF> <U+5916><U+6C47><U+4EA4><U+6613> <U+91D1>",76,0,FALSE
"LilyTho84974494",2021-08-24 04:46:18,"Today's Calendar 
For Vip Signals And Tips Join :
https://t.co/m4zOVmKtpJ
#FOREX #COMEX #FOREXANDCOMEX #XAUUSD #GOLD #SAUDIARABIA #ASIA #UAE #TRADING 
#Forexforyou #USD #EUR #Trader #investing #investor  # <U+0641><U+0648><U+0631><U+0643><U+0633>  #<U+0641><U+0648><U+0631><U+0643><U+0633> #<U+5916><U+56FD><U+70BA><U+66FF> #<U+5916><U+6C47> #<U+D3EC><U+B809><U+C2A4> #<U+5916><U+532F> #<U+8FBE><U+514B><U+65AF> #<U+5916><U+6C47><U+4EA4><U+6613> #<U+91D1> https://t.co/opluqhkGS9","FOREX COMEX FOREXANDCOMEX XAUUSD GOLD SAUDIARABIA ASIA UAE TRADING Forexforyou USD EUR Trader investing investor <U+0641><U+0648><U+0631><U+0643><U+0633> <U+5916><U+56FD><U+70BA><U+66FF> <U+5916><U+6C47> <U+D3EC><U+B809><U+C2A4> <U+5916><U+532F> <U+8FBE><U+514B><U+65AF> <U+5916><U+6C47><U+4EA4><U+6613> <U+91D1>",76,0,FALSE
"TheForXcast",2021-08-30 04:00:18,"USDCHF +12.1 pip profit made at 08/29/2021 11:00:08 PM CST Price 0.91101 for trade signal sent at 08/27/2021 11:00:11 AM and price at 0.91222. #Forxcast. https://t.co/64keXHXWqE  Signup at https://t.co/ebegHUKNs0 #forex #ForxcastSignals #Usd #Eur #forexsignals","Forxcast forex ForxcastSignals Usd Eur forexsignals",191,3016,FALSE
"TheForXcast",2021-08-25 03:00:13,"AUDUSD +114.7 pip profit made at 08/24/2021 10:00:04 PM CST Price 0.72421 for trade signal sent at 08/20/2021 7:00:12 AM and price at 0.71274. #Forxcast. https://t.co/64keXHXWqE  Signup at https://t.co/ebegHUKNs0 #forex #ForxcastSignals #Usd #Eur #forexsignals","Forxcast forex ForxcastSignals Usd Eur forexsignals",191,3016,FALSE
"TheForXcast",2021-08-25 01:00:15,"EURUSD +59.3 pip profit made at 08/24/2021 8:00:06 PM CST Price 1.17417 for trade signal sent at 08/19/2021 8:00:20 PM and price at 1.16824. #Forxcast. https://t.co/64keXHXWqE  Signup at https://t.co/ebegHUKNs0 #forex #ForxcastSignals #Usd #Eur #forexsignals","Forxcast forex ForxcastSignals Usd Eur forexsignals",191,3016,FALSE
"TheForXcast",2021-08-24 22:00:37,"GBPAUD +109.4 pip profit made at 08/24/2021 5:00:11 PM CST Price 1.89216 for trade signal sent at 08/23/2021 11:30:06 AM and price at 1.9031. #Forxcast. https://t.co/64keXHXWqE  Signup at https://t.co/ebegHUKNs0 #forex #ForxcastSignals #Usd #Eur #forexsignals","Forxcast forex ForxcastSignals Usd Eur forexsignals",191,3016,FALSE
"TheForXcast",2021-08-22 19:09:53,"GBPAUD +64.2 pip profit made at 08/22/2021 2:09:18 PM CST Price 1.91383 for trade signal sent at 08/19/2021 1:00:10 AM and price at 1.90741. #Forxcast. https://t.co/64keXHXWqE  Signup at https://t.co/ebegHUKNs0 #forex #ForxcastSignals #Usd #Eur #forexsignals","Forxcast forex ForxcastSignals Usd Eur forexsignals",191,3016,FALSE
"TheForXcast",2021-08-24 20:00:39,"AUDCHF +32.5 pip profit made at 08/24/2021 3:00:30 PM CST Price 0.66237 for trade signal sent at 08/23/2021 10:30:07 PM and price at 0.65912. #Forxcast. https://t.co/64keXHXWqE  Signup at https://t.co/ebegHUKNs0 #forex #ForxcastSignals #Usd #Eur #forexsignals","Forxcast forex ForxcastSignals Usd Eur forexsignals",191,3016,FALSE
"TheForXcast",2021-08-26 08:00:36,"GBPAUD +15.6 pip profit made at 08/26/2021 3:00:29 AM CST Price 1.89286 for trade signal sent at 08/25/2021 4:00:16 PM and price at 1.8913. #Forxcast. https://t.co/64keXHXWqE  Signup at https://t.co/ebegHUKNs0 #forex #ForxcastSignals #Usd #Eur #forexsignals","Forxcast forex ForxcastSignals Usd Eur forexsignals",191,3016,FALSE
"TheForXcast",2021-08-25 12:00:28,"USDCAD +214 pip profit made at 08/25/2021 7:00:14 AM CST Price 1.26272 for trade signal sent at 08/20/2021 12:00:10 PM and price at 1.28412. #Forxcast. https://t.co/64keXHXWqE  Signup at https://t.co/ebegHUKNs0 #forex #ForxcastSignals #Usd #Eur #forexsignals","Forxcast forex ForxcastSignals Usd Eur forexsignals",191,3016,FALSE
"TheForXcast",2021-08-29 21:00:23,"GBPCAD +63 pip profit made at 08/29/2021 4:00:00 PM CST Price 1.73808 for trade signal sent at 08/25/2021 7:00:14 AM and price at 1.73178. #Forxcast. https://t.co/64keXHXWqE  Signup at https://t.co/ebegHUKNs0 #forex #ForxcastSignals #Usd #Eur #forexsignals","Forxcast forex ForxcastSignals Usd Eur forexsignals",191,3016,FALSE
"TheForXcast",2021-08-25 01:00:12,"EURGBP +39.3 pip profit made at 08/24/2021 8:00:03 PM CST Price 0.85582 for trade signal sent at 08/19/2021 2:00:06 AM and price at 0.85189. #Forxcast. https://t.co/64keXHXWqE  Signup at https://t.co/ebegHUKNs0 #forex #ForxcastSignals #Usd #Eur #forexsignals","Forxcast forex ForxcastSignals Usd Eur forexsignals",191,3016,FALSE
"TheForXcast",2021-08-30 03:00:09,"NZDUSD +39.8 pip profit made at 08/29/2021 10:00:03 PM CST Price 0.69966 for trade signal sent at 08/27/2021 5:00:01 AM and price at 0.69568. #Forxcast. https://t.co/64keXHXWqE  Signup at https://t.co/ebegHUKNs0 #forex #ForxcastSignals #Usd #Eur #forexsignals","Forxcast forex ForxcastSignals Usd Eur forexsignals",191,3016,FALSE
"st_fx",2021-08-29 22:15:20,"Aug 29, 21

Pair: EUR/USD
Action: Set Sell Limit
Lots: 2
Price: 1.1805
Stop: 1.1875
Target: 1.1640

Trade Explanation: We are setting a sell limit on this pair at trend resistance.

*Trading forex involves risk and are not suitable for all investors.",,2867,20,FALSE
"authorbtwomey",2021-08-28 12:13:49,"#Powell speech allowed weekly #targets to complete 

For those #currency pairs that didn't achieve #targets 

#fed and #centralbank speakers and #economic news is found inside every #market #price 

They sell Sizzle to unsuspected rather than actual reality. #forex #eur #usd","Powell targets currency targets fed centralbank economic market price forex eur usd",1390,11167,FALSE
"authorbtwomey",2021-08-26 09:59:44,"#Market #prices 

Overbought Neutral, Oversold 

Oversold, Neutral, Overbought 

Most are at neutral, offering #trade recommendations, Stops, charts and written to #websites 

These are your experts. Meanwhile, you lose again #fx #forex #usd #usa #EURUSD #eur #europe #trade","Market prices trade websites fx forex usd usa EURUSD eur europe trade",1390,11167,FALSE
"forumdotforex",2021-08-28 10:09:41,"The short-term rate differentials remain a more important driver for EUR/USD and hence how QE changes influence rate expectations will be important. 
https://t.co/LrNUoNwTVW - Forex Forum to Discuss the Forex Market, Currency Trading Ideas, Tips, and Topics.

#forex #forexforum https://t.co/7sVEcHXLhw","forex forexforum",51,68,FALSE
"stevensbiker70",2021-08-27 21:31:03,"We saw a good return of the reflation-  and emerging markets assets  #dovish #tapering policy from the #Fed could bring further returns .$usd #dxy #jacksonhole #powell #fx #forex #currency #trading $eurusd $eur $cew $emlc https://t.co/57CeXVxHCs","dovish tapering Fed dxy jacksonhole powell fx forex currency trading",95,1651,FALSE
"TheGemTraders",2021-08-27 21:30:53,"And that all for the week on EUR/USD 

#EURUSD #forextrading #forex #Traders #AUDUSD https://t.co/1yTpKjSAPg","EURUSD forextrading forex Traders AUDUSD",2,7,FALSE
"ThomaskJulius",2021-08-27 19:05:23,"10. How Forex Market Moves UP and DOWN ?
Let’s consider one example : If there are More people buying one product (eg: GOLD),
More Buyers for GOLD =&gt; More Demand =&gt; Price will Increase Higher (Gold Market moves up)
Forex Market has 2 currencies combined together. Eg : EUR/USD",,1035,39046,FALSE
"ThomaskJulius",2021-08-27 19:05:21,"Here totally 2 Currencies are involved in One Exchange Transaction.( Example : Selling USD and Buying EUR = 2 currencies involved for one transaction)

This is the reason, Forex market has 2 currencies combined together.",,1035,39046,FALSE
"ThomaskJulius",2021-08-27 19:05:20,"Why Forex has 2 currencies combined together ?

Forex Trading = Buying and selling currencies (Exchanging currencies)

While doing One Exchange Transaction, we are Selling One currency (USD) and Buying another currency (EUR) at a same time.",,1035,39046,FALSE
"ThomaskJulius",2021-08-27 19:05:19,"8. Why Forex Market is possible to make profit in both Up and Down movements ?
Forex market has 2 currencies combined together, called as Currency Pair.

Example : EUR/USD, USD/JPY, USD/INR",,1035,39046,FALSE
"_priteshdesai",2021-08-26 10:26:25,"$GBP #GBPUSD #forex got through its 200hMA (green) and met bids on the backtest this morning. Expecting two-way action in 1.3730-1.3790. While my bias bearish on GBP, not vs USD but better vs EUR. https://t.co/l62BvYB6Qd","GBPUSD forex",1075,95,FALSE
"_priteshdesai",2021-08-27 15:24:39,"The initial reaction in $EUR #EURUSD #forex was a $USD squeeze as expected. Just about looked above 1.18 and has consolidated 1.1780-00 since. At these levels, I don't think Powell was dovish enough for a bigger rally. Expect 1.1800-25 to cap gains. https://t.co/LQxabNwa77","EURUSD forex",1075,95,FALSE
"_priteshdesai",2021-08-23 16:45:40,"The $EUR #EURUSD #forex extended positioning is clear to see today. Significant $USD offer, and EURUSD has grinded higher, not because it's expected to rally, but because of wrong-way positioning. But resistance 1.1750-60 to be found to go back below 1.17. https://t.co/IjJzecgrfO https://t.co/FzSrq0hHHw","EURUSD forex",1075,95,FALSE
"JStanleyFX",2021-08-27 12:54:39,"@Minoo87460692 Definitely, I published this yesterday and not much has changed since on $USD 

Jerome Powell begins speaking in a little over an hour and that can introduce some volatility into the matter. 

https://t.co/KDa1hpWdKF",,44245,5525,TRUE
"FxGecko_Global",2021-08-24 02:49:24,"On Tuesday, Aug. 24, the KIA Market Sentiment Index showed that USD/CHF, Hong Kong Hang Seng Index and FTSE China A50 long sentiment accounted for 80% or more, while NASDAQ and EUR/JPY short sentiment accounted for 80% or more
#forex #forexsignals https://t.co/FZx5NC058G","forex forexsignals",7099,15,FALSE
"FxGecko_Global",2021-08-27 02:48:40,"FxGecko Market Sentiment Index shows that USD/CAD, Hong Kong Hang Seng, FTSE China A50 have 80% or more long sentiment and NASDAQ, EUR/JPY have 80% or more short sentiment
#forex 
#forexsignals","forex forexsignals",7099,15,FALSE
"algostrats",2021-08-27 00:00:11,"#AmbushSignals Update: Closed a day trade on Thursday in Euro/US Dollar (FOREX) with a profit of 0.00247 points (USD 247.00 per contract) <U+0001F929> $EURUSD #EUR #USD

Find out more at https://t.co/XD4tmalmyn <U+0001F44F> - Join us and day trade the easy way!","AmbushSignals EUR USD",674,187,FALSE
"FXEmpirecom",2021-08-26 07:53:07,"EUR/USD managed to get above the 20 EMA and is testing the resistance level at 1.1775. #eurusd #euro #fx #forex #currencies #trading","eurusd euro fx forex currencies trading",7170,3026,FALSE
"FXEmpirecom",2021-08-23 09:07:28,"EUR/USD settled above 1.1690 and is testing the next resistance at 1.1720. #forex #fx #eur #euro #eurusd #currencies #trading","forex fx eur euro eurusd currencies trading",7170,3026,FALSE
"pami3y_evilcode",2021-08-26 07:17:49,"PamyBot2:~$ #forex #fx #EA ""When are the US durable goods orders and how could they affect $EURUSD? https://t.co/vHgY51pysU""","forex fx EA",302,515,FALSE
"FBS_marketnews",2021-08-26 07:11:31,"""EUR/USD Forex Signal: Recovery Rally to 1.1850 to Continue - 25 August 2021"" The EUR/USD price was little changed on Monday morning as investors waited for the important German sentiment data and US durable goods orders.https://t.co/2zZI974FHG",,959,72,FALSE
"perfect_369",2021-08-25 14:06:52,"#EUR #USD #forex #ForexTrade with 2 EP 39 RR and 33 RR before after ... Update in comment https://t.co/Cxk8aAmlLd","EUR USD forex ForexTrade",81,81,FALSE
"Daily_Forex",2021-08-25 14:00:01,"The currencies showing the greatest long-term weakness are the $CAD, the $AUD, and the $EUR, so if the bullish $USD trend resumes, these will likely be the currencies to focus on as short counterparties for that trade. https://t.co/IABE4UOFE6 https://t.co/Ph2pfNvfJN",,82727,3041,FALSE
"tradingwdavid",2021-08-25 08:24:41,"It is only a day away from the start of the central bankers' symposium in #JacksonHole, what is the possible scenario? I talk about it in my new article   #forex #eurusd #powell #jeromepowell #usd #eur #fed #federalreserve   https://t.co/nAZTAI2Pm3","JacksonHole forex eurusd powell jeromepowell usd eur fed federalreserve",421,13,FALSE
"RichardSnowFX",2021-08-24 16:01:58,"Dollar backs off ahead of Jackson Hole Symposium 

$USD/ZAR, GBP/ZAR and EUR/ZAR pullbacks &amp; key levels

Volatility likely to be elevated as the world focuses on the Fed once more

https://t.co/uW1F3KQTHI https://t.co/i5iSvouwfr",,372,124,FALSE
"FxBookLTTG",2021-08-24 10:10:03,"https://t.co/lWJlaM9eB8 Free Forex Signals and Forecast: Buy EUR/USD – 24 August 2021",,768,4,FALSE
"IGInternationa1",2021-08-24 09:44:20,"EUR/USD and GBP/USD rally but USD/JPY runs into resistance
#Forex #FX
https://t.co/xa11X80pyE https://t.co/VFjurUoAIS","Forex FX",154,0,FALSE
"xglobalmarkets",2021-08-23 18:04:26,"EUR/USD pair reversed its direction on Monday and was last seen gaining 0.4% on the day at 1.1742.
#XGlobalMarkets #EURUSD #forex #trading #Currencies https://t.co/Nv6Owt2pJp","XGlobalMarkets EURUSD forex trading Currencies",3486,97,FALSE
"eBargainsToday",2021-08-23 16:56:10,"UK, EZ PMIs Drop But Retain Good Momentum – EUR, GBP Drifting Higher: EUR/USD and GBP/USD avoid further losses as buyers regain momentum Read More https://t.co/7xO8w6llyE  | https://t.co/8I40uVqCwg  | https://t.co/8I40uVqCwg #cryptocurrency #Bitcoin #Forex https://t.co/wYHSWftADL","cryptocurrency Bitcoin Forex",7011,14967,FALSE
"BabyPips",2021-08-23 07:09:18,"Big Pippin's Chart Art: Trend and Reversal Opportunities on USD/CAD and EUR/JPY https://t.co/4cl2cmHjXZ",,138468,401,TRUE
"BabyPips",2021-08-23 16:22:20,"Big Pippin's looking at a short EUR/JPY trade today (4H chart) and an Evening Star pattern forming on USD/CAD's daily chart. Check both of these setups out and see if you can make pips!

https://t.co/4cl2cmHjXZ",,138468,401,TRUE
"forex8signal",2021-08-23 13:47:02,"Markets Week Ahead: Dow, EUR/USD, Oil, Fed Symposium, PMIs, Delta: Markets faced a broad risk-off tone last week with sentiment deteriorating further due to global growth concerns and the delta variant of covid. The Dow and EUR/USD eye the Fed symposium… https://t.co/Lu2Eb1z9rn",,2771,22,FALSE
"Continuum3000",2021-08-23 10:55:02,"EUR/USD hit the lowest since November 2020 and the Aussie fails to benefit from upbeat jobs figures. Gold is under pressure and oil sinks to the lowest since May. US jobs figures and covid headlines are eyed. 

#Continuum3000 #Marketanalysis #Blockchain

https://t.co/zhklfszbp2","Continuum3000 Marketanalysis Blockchain",1354,111,FALSE
"FrankeXchange2",2021-08-23 09:56:14,"Today’s Highlights
Forex Today: Optimism about Fed action hits dollar, PMIs eyed
EUR/USD Forecast: Euro rides on Fed-fueled dollar weakness, technicals still hesitant
Eurozone Preliminary Manufacturing PMI misses
US Dollar Index loses momentum and drops to 2-day lows near 93.30",,681,108,FALSE
"johnmorganFL",2021-08-23 07:30:13,"Chart Art: Trend and Reversal Opportunities on USD/CAD and EUR/JPY

https://t.co/cwWrcIQyHJ",,24913,119,FALSE
"IkanBil41656836",2021-08-23 02:36:31,"<U+0001F525>The Dow Jones dropped -1.1% on balance as equity investors seemingly grew more fearful of the delta variant and its contribution to slowing global growth.
Read more <U+0001F449> https://t.co/os4mkF4JLm

#DigitalAssets #forexprofit #profits #forextrading  #forex #forexsignals #crypto","DigitalAssets forexprofit profits forextrading forex forexsignals crypto",232,386,FALSE
"webnowcompany",2021-08-22 17:33:44,"Markets faced a broad risk-off tone last week with sentiment deteriorating further due to global growth concerns and the delta variant of covid. The Dow an...Read more: https://t.co/UGKqPdDo5W",,5822,4,FALSE
